draw_id,draw_date,day_of_week,n1,n2,n3,n4,n5,n6,more_number,super_more_number
106126,2019-04-10,Wednesday,12,15,18,23,25,31,4.0,1.0
106125,2019-04-13,Saturday,7,9,10,21,27,28,5.0,5.0
106124,2019-04-17,Wednesday,1,3,13,20,35,36,1.0,13.0
106123,2019-04-20,Saturday,4,6,11,13,27,28,10.0,7.0
106122,2019-04-24,Wednesday,1,7,19,33,36,38,1.0,2.0
106121,2019-04-27,Saturday,9,19,21,25,27,35,6.0,11.0
106120,2019-05-01,Wednesday,9,10,11,13,19,23,4.0,7.0
106119,2019-05-04,Saturday,1,16,17,26,33,38,8.0,13.0
106118,2019-05-08,Wednesday,1,8,14,29,31,37,10.0,15.0
106117,2019-05-11,Saturday,8,10,20,21,22,36,7.0,4.0
106116,2019-05-15,Wednesday,5,16,17,29,34,35,4.0,12.0
106115,2019-05-18,Saturday,7,8,9,19,20,24,9.0,8.0
106114,2019-05-22,Wednesday,3,9,13,23,28,30,6.0,7.0
106113,2019-05-25,Saturday,10,22,27,32,34,36,8.0,5.0
106112,2019-05-29,Wednesday,7,12,17,20,25,37,9.0,14.0
106111,2019-06-01,Saturday,4,19,21,23,29,35,2.0,13.0
106110,2019-06-05,Wednesday,18,22,23,28,29,38,10.0,6.0
106109,2019-06-08,Saturday,7,12,24,26,28,38,9.0,4.0
106108,2019-06-12,Wednesday,6,20,26,30,35,37,8.0,5.0
106107,2019-06-15,Saturday,7,15,20,22,25,38,9.0,8.0
106106,2019-06-19,Wednesday,7,9,22,23,28,36,4.0,4.0
106105,2019-06-22,Saturday,5,8,9,10,12,28,1.0,6.0
106104,2019-06-26,Wednesday,6,7,12,15,33,34,3.0,5.0
106103,2019-06-29,Saturday,5,9,12,31,35,38,3.0,15.0
106102,2019-07-03,Wednesday,2,5,6,23,27,35,6.0,8.0
106101,2019-07-06,Saturday,1,19,21,24,27,38,5.0,2.0
106100,2019-07-10,Wednesday,1,6,18,21,27,35,1.0,7.0
106099,2019-07-13,Saturday,4,19,21,25,31,34,9.0,7.0
106098,2019-07-17,Wednesday,7,12,15,18,25,36,2.0,3.0
106097,2019-07-20,Saturday,1,4,13,16,20,22,3.0,8.0
106096,2019-07-24,Wednesday,1,3,4,10,13,28,7.0,11.0
106095,2019-07-27,Saturday,10,11,12,28,30,37,2.0,6.0
106094,2019-07-31,Wednesday,12,18,20,21,25,29,1.0,15.0
106093,2019-08-03,Saturday,2,14,26,27,30,37,10.0,13.0
106092,2019-08-07,Wednesday,1,8,10,22,26,37,2.0,9.0
106091,2019-08-10,Saturday,13,26,28,29,33,34,10.0,14.0
106090,2019-08-14,Wednesday,6,9,10,20,24,32,3.0,3.0
106089,2019-08-17,Saturday,4,13,15,23,24,37,8.0,7.0
106088,2019-08-21,Wednesday,6,13,16,25,26,35,9.0,13.0
106087,2019-08-24,Saturday,3,9,10,19,27,31,8.0,8.0
106086,2019-08-28,Wednesday,10,11,14,19,20,23,10.0,12.0
106085,2019-08-31,Saturday,6,7,13,14,23,33,8.0,6.0
106084,2019-09-04,Wednesday,13,21,23,26,27,32,7.0,14.0
106083,2019-09-07,Saturday,5,10,15,29,33,35,7.0,10.0
106082,2019-09-11,Wednesday,3,9,10,20,23,26,9.0,8.0
106081,2019-09-14,Saturday,4,19,21,28,33,36,2.0,5.0
106080,2019-09-18,Wednesday,7,14,16,17,34,36,9.0,4.0
106079,2019-09-21,Saturday,2,13,15,18,19,34,5.0,10.0
106078,2019-09-25,Wednesday,7,15,16,17,29,30,2.0,1.0
106077,2019-09-28,Saturday,5,17,24,29,34,35,8.0,1.0
106076,2019-10-02,Wednesday,4,7,19,25,30,34,7.0,14.0
106075,2019-10-05,Saturday,2,8,9,11,18,28,2.0,4.0
106074,2019-10-09,Wednesday,15,16,18,22,23,30,5.0,2.0
106073,2019-10-12,Saturday,5,6,10,12,33,35,1.0,4.0
106072,2019-10-16,Wednesday,3,12,17,19,34,37,2.0,11.0
106071,2019-10-19,Saturday,1,11,22,27,36,37,10.0,3.0
106070,2019-10-23,Wednesday,9,10,14,16,22,27,10.0,7.0
106069,2019-10-26,Saturday,5,16,21,23,26,28,7.0,13.0
106068,2019-10-30,Wednesday,9,14,22,25,30,38,3.0,8.0
106067,2019-11-02,Saturday,14,21,27,32,36,37,4.0,14.0
106066,2019-11-06,Wednesday,5,11,19,22,23,26,1.0,10.0
106065,2019-11-09,Saturday,1,3,24,29,30,37,1.0,4.0
106064,2019-11-13,Wednesday,6,8,10,12,13,20,1.0,11.0
106063,2019-11-16,Saturday,9,19,22,31,35,37,3.0,2.0
106062,2019-11-20,Wednesday,3,8,26,29,34,35,7.0,1.0
106061,2019-11-23,Saturday,6,15,22,24,35,38,4.0,10.0
106060,2019-11-27,Wednesday,2,3,9,15,17,33,1.0,8.0
106059,2019-11-30,Saturday,1,6,7,14,34,38,8.0,6.0
106058,2019-12-04,Wednesday,2,4,7,20,22,33,1.0,14.0
106057,2019-12-07,Saturday,1,4,18,24,30,36,6.0,14.0
106056,2019-12-11,Wednesday,5,12,14,24,33,35,1.0,8.0
106055,2019-12-14,Saturday,3,5,12,20,24,37,5.0,11.0
106054,2019-12-18,Wednesday,1,7,12,23,35,38,2.0,11.0
106053,2019-12-21,Saturday,5,12,15,24,32,37,1.0,1.0
106052,2019-12-28,Saturday,5,6,19,28,29,32,7.0,4.0
106051,2020-01-04,Saturday,5,8,15,18,25,30,4.0,12.0
106050,2020-01-08,Wednesday,13,14,26,27,29,30,5.0,7.0
106049,2020-01-11,Saturday,4,6,7,23,30,36,2.0,1.0
106048,2020-01-15,Wednesday,3,4,10,27,31,33,8.0,5.0
106047,2020-01-18,Saturday,2,3,5,10,14,20,8.0,7.0
106046,2020-01-22,Wednesday,16,19,30,31,32,35,6.0,12.0
106045,2020-01-25,Saturday,11,14,21,24,30,35,3.0,6.0
106044,2020-01-29,Wednesday,7,13,15,18,31,37,8.0,11.0
106043,2020-02-01,Saturday,3,8,15,16,20,29,9.0,3.0
106042,2020-02-05,Wednesday,11,13,18,23,33,34,6.0,11.0
106041,2020-02-08,Saturday,1,2,21,33,35,37,7.0,9.0
106040,2020-02-12,Wednesday,5,9,16,25,37,38,4.0,7.0
106039,2020-02-15,Saturday,1,13,14,28,29,35,10.0,9.0
106038,2020-02-19,Wednesday,1,3,10,17,21,29,10.0,6.0
106037,2020-02-22,Saturday,12,14,20,25,27,37,2.0,15.0
106036,2020-02-26,Wednesday,4,6,8,11,13,38,5.0,3.0
106035,2020-02-29,Saturday,6,13,14,24,25,29,7.0,11.0
106034,2020-03-04,Wednesday,1,10,18,23,28,30,5.0,12.0
106033,2020-03-07,Saturday,7,9,15,20,26,27,3.0,4.0
106032,2020-03-11,Wednesday,11,12,14,25,28,30,6.0,13.0
106031,2020-03-14,Saturday,6,11,19,24,28,32,6.0,8.0
106030,2020-03-18,Wednesday,10,12,16,19,21,24,10.0,7.0
106029,2020-06-03,Wednesday,7,15,20,22,29,32,4.0,14.0
106028,2020-06-06,Saturday,3,13,23,34,35,38,8.0,4.0
106027,2020-06-10,Wednesday,2,7,12,28,34,36,6.0,2.0
106026,2020-06-13,Saturday,3,7,9,15,22,30,5.0,3.0
106025,2020-06-17,Wednesday,1,11,14,16,24,37,3.0,5.0
106024,2020-06-20,Saturday,6,8,13,18,31,37,2.0,13.0
106023,2020-06-24,Wednesday,11,22,24,28,33,34,5.0,7.0
106022,2020-06-27,Saturday,4,15,16,19,20,26,6.0,5.0
106021,2020-07-01,Wednesday,4,8,14,20,23,28,3.0,13.0
106020,2020-07-04,Saturday,6,23,26,31,32,35,5.0,13.0
106019,2020-07-08,Wednesday,3,4,7,8,23,37,7.0,7.0
106018,2020-07-11,Saturday,7,9,19,22,31,37,2.0,12.0
106017,2020-07-15,Wednesday,18,20,22,25,32,38,5.0,4.0
106016,2020-07-18,Saturday,4,15,22,26,31,33,7.0,12.0
106015,2020-07-22,Wednesday,7,14,29,33,36,38,4.0,8.0
106014,2020-07-25,Saturday,2,15,17,20,25,27,5.0,15.0
106013,2020-07-29,Wednesday,15,23,26,30,33,36,9.0,5.0
106012,2020-08-01,Saturday,3,5,10,12,17,30,7.0,1.0
106011,2020-08-05,Wednesday,2,3,13,27,36,37,4.0,13.0
106010,2020-08-08,Saturday,1,7,10,13,32,36,9.0,13.0
106009,2020-08-12,Wednesday,3,6,14,21,25,35,4.0,1.0
106008,2020-08-15,Saturday,2,6,8,11,27,35,5.0,12.0
106007,2020-08-19,Wednesday,1,9,11,12,17,34,10.0,7.0
106006,2020-08-22,Saturday,4,6,7,10,16,20,7.0,9.0
106005,2020-08-26,Wednesday,1,4,8,16,19,28,6.0,5.0
106004,2020-08-29,Saturday,1,19,21,28,35,36,4.0,1.0
106003,2020-09-02,Wednesday,1,5,18,21,28,36,7.0,11.0
106002,2020-09-05,Saturday,1,10,16,28,34,35,2.0,14.0
106001,2020-09-09,Wednesday,2,7,8,10,27,30,5.0,14.0
106000,2020-09-12,Saturday,5,6,9,11,19,37,8.0,6.0
105999,2020-09-16,Wednesday,3,23,27,28,31,33,5.0,2.0
105998,2020-09-19,Saturday,5,7,10,12,28,35,6.0,2.0
105997,2020-09-23,Wednesday,2,19,26,28,30,32,1.0,6.0
105996,2020-09-26,Saturday,4,5,11,21,31,34,6.0,2.0
105995,2020-09-30,Wednesday,11,15,16,20,29,31,4.0,4.0
105994,2020-10-03,Saturday,17,18,26,27,34,36,6.0,14.0
105993,2020-10-07,Wednesday,3,5,10,26,28,29,7.0,11.0
105992,2020-10-10,Saturday,7,12,15,17,18,31,9.0,7.0
105991,2020-10-14,Wednesday,2,7,16,26,28,34,1.0,3.0
105990,2020-10-17,Saturday,2,5,11,12,31,34,7.0,4.0
105989,2020-10-21,Wednesday,15,20,23,28,30,34,9.0,8.0
105988,2020-10-24,Saturday,4,8,21,26,28,30,10.0,12.0
105987,2020-10-28,Wednesday,3,9,10,25,28,33,10.0,14.0
105986,2020-10-31,Saturday,16,26,27,28,37,38,1.0,5.0
105985,2020-11-04,Wednesday,9,12,24,28,36,37,5.0,2.0
105984,2020-11-07,Saturday,3,5,11,24,31,33,4.0,7.0
105983,2020-11-11,Wednesday,2,8,12,23,31,37,5.0,15.0
105982,2020-11-14,Saturday,5,13,14,17,25,35,5.0,13.0
105981,2020-11-18,Wednesday,5,7,18,24,26,37,5.0,6.0
105980,2020-11-21,Saturday,2,11,15,16,27,38,4.0,5.0
105979,2020-11-25,Wednesday,1,10,18,25,33,36,5.0,2.0
105978,2020-11-28,Saturday,4,5,11,15,33,34,5.0,1.0
105977,2020-12-02,Wednesday,5,6,7,11,22,25,1.0,8.0
105976,2020-12-05,Saturday,1,8,9,10,24,28,7.0,15.0
105975,2020-12-09,Wednesday,13,14,17,21,29,32,5.0,13.0
105974,2020-12-12,Saturday,2,10,11,22,26,29,5.0,12.0
105973,2020-12-16,Wednesday,4,18,25,26,32,35,6.0,13.0
105972,2020-12-19,Saturday,15,18,19,24,25,27,2.0,5.0
105971,2020-12-23,Wednesday,8,11,20,28,34,37,5.0,12.0
105970,2020-12-26,Saturday,17,18,25,29,36,37,9.0,11.0
105969,2020-12-30,Wednesday,2,6,12,19,22,25,9.0,5.0
105968,2021-01-02,Saturday,1,3,6,22,24,30,3.0,7.0
105967,2021-01-06,Wednesday,2,4,22,25,26,36,10.0,13.0
105966,2021-01-09,Saturday,6,7,9,14,26,31,6.0,8.0
105965,2021-01-13,Wednesday,3,6,15,20,21,25,9.0,3.0
105964,2021-01-16,Saturday,7,13,14,16,28,30,4.0,7.0
105963,2021-01-20,Wednesday,1,4,9,14,15,27,2.0,1.0
105962,2021-01-23,Saturday,14,15,20,25,35,38,3.0,10.0
105961,2021-01-27,Wednesday,7,22,30,31,33,38,9.0,6.0
105960,2021-01-30,Saturday,1,27,31,33,36,37,10.0,4.0
105959,2021-02-03,Wednesday,1,11,14,21,29,32,5.0,10.0
105958,2021-02-06,Saturday,3,6,7,12,30,34,4.0,5.0
105957,2021-02-10,Wednesday,4,5,24,31,32,36,10.0,4.0
105956,2021-02-13,Saturday,16,19,20,24,26,28,3.0,7.0
105955,2021-02-17,Wednesday,1,6,13,17,18,25,1.0,15.0
105954,2021-02-20,Saturday,1,3,6,12,13,15,9.0,3.0
105953,2021-02-24,Wednesday,6,19,24,30,31,33,3.0,3.0
105952,2021-02-27,Saturday,5,6,10,33,35,36,5.0,8.0
105951,2021-03-03,Wednesday,1,6,9,18,33,34,10.0,6.0
105950,2021-03-06,Saturday,8,17,32,33,35,37,6.0,8.0
105949,2021-03-10,Wednesday,2,5,10,13,22,24,9.0,10.0
105948,2021-03-13,Saturday,4,9,11,27,29,31,1.0,6.0
105947,2021-03-17,Wednesday,13,15,25,26,35,36,10.0,5.0
105946,2021-03-20,Saturday,3,5,6,7,17,22,7.0,13.0
105945,2021-03-24,Wednesday,5,17,22,28,29,34,10.0,1.0
105944,2021-03-27,Saturday,15,21,22,30,37,38,5.0,2.0
105943,2021-03-31,Wednesday,7,8,21,27,29,32,4.0,6.0
105942,2021-04-03,Saturday,2,13,19,22,25,31,5.0,13.0
105941,2021-04-07,Wednesday,5,11,18,24,26,36,9.0,11.0
105940,2021-04-10,Saturday,9,10,11,15,24,35,2.0,3.0
105939,2021-04-14,Wednesday,3,5,7,14,36,37,2.0,11.0
105938,2021-04-17,Saturday,7,11,27,32,37,38,6.0,14.0
105937,2021-04-21,Wednesday,1,7,8,10,14,16,7.0,6.0
105936,2021-04-24,Saturday,10,13,14,21,29,31,7.0,10.0
105935,2021-04-28,Wednesday,2,5,10,12,15,28,8.0,1.0
105934,2021-05-01,Saturday,9,11,15,18,25,27,3.0,4.0
105933,2021-05-05,Wednesday,5,16,19,20,28,30,9.0,8.0
105932,2021-05-08,Saturday,10,14,21,23,36,37,10.0,5.0
105931,2021-05-12,Wednesday,1,9,13,16,30,32,4.0,7.0
105930,2021-05-15,Saturday,2,17,18,28,36,38,7.0,5.0
105929,2021-05-19,Wednesday,8,11,12,19,26,32,3.0,6.0
105928,2021-05-22,Saturday,5,7,9,15,24,38,2.0,3.0
105927,2021-05-26,Wednesday,4,6,11,19,21,28,6.0,12.0
105926,2021-05-29,Saturday,14,21,22,26,30,32,7.0,14.0
105925,2021-06-02,Wednesday,7,16,18,29,34,36,4.0,2.0
105924,2021-06-05,Saturday,5,7,21,24,31,38,5.0,4.0
105923,2021-06-09,Wednesday,3,6,12,15,19,32,9.0,13.0
105922,2021-06-12,Saturday,22,23,29,31,35,38,2.0,9.0
105921,2021-06-16,Wednesday,7,10,12,19,26,28,5.0,13.0
105920,2021-06-19,Saturday,14,17,18,27,29,32,2.0,8.0
105919,2021-06-23,Wednesday,1,3,28,29,33,36,2.0,3.0
105918,2021-06-26,Saturday,6,9,16,20,21,33,10.0,7.0
105917,2021-06-30,Wednesday,4,13,17,24,35,36,2.0,7.0
105916,2021-07-03,Saturday,9,16,22,27,29,30,4.0,1.0
105915,2021-07-07,Wednesday,12,17,25,27,31,32,4.0,6.0
105914,2021-07-10,Saturday,1,13,16,20,32,38,6.0,2.0
105913,2021-07-14,Wednesday,6,11,29,30,33,34,1.0,13.0
105912,2021-07-17,Saturday,6,20,22,27,28,32,4.0,3.0
105911,2021-07-21,Wednesday,15,20,22,27,31,36,5.0,15.0
105910,2021-07-24,Saturday,2,8,25,30,31,32,6.0,4.0
105909,2021-07-28,Wednesday,6,19,21,25,29,30,7.0,10.0
105908,2021-07-31,Saturday,17,21,25,28,31,36,3.0,4.0
105907,2021-08-04,Wednesday,9,13,19,21,30,36,8.0,15.0
105906,2021-08-07,Saturday,2,8,11,18,22,30,10.0,11.0
105905,2021-08-14,Saturday,5,14,17,21,24,38,8.0,7.0
105904,2021-08-18,Wednesday,13,14,23,24,26,34,9.0,13.0
105903,2021-08-21,Saturday,10,19,21,22,23,31,7.0,10.0
105902,2021-08-25,Wednesday,2,5,24,25,34,35,6.0,1.0
105901,2021-08-28,Saturday,5,6,9,26,30,32,5.0,15.0
105900,2021-09-01,Wednesday,4,15,16,18,27,38,4.0,7.0
105899,2021-09-04,Saturday,13,14,18,20,25,33,2.0,2.0
105898,2021-09-08,Wednesday,3,9,12,17,31,36,7.0,10.0
105897,2021-09-11,Saturday,1,2,7,8,14,25,8.0,11.0
105896,2021-09-15,Wednesday,1,10,13,18,23,27,8.0,9.0
105895,2021-09-18,Saturday,15,16,26,30,33,35,4.0,12.0
105894,2021-09-22,Wednesday,7,22,27,29,30,33,10.0,4.0
105893,2021-09-25,Saturday,1,6,7,16,25,31,4.0,5.0
105892,2021-09-29,Wednesday,5,8,11,13,20,28,4.0,3.0
105891,2021-10-02,Saturday,4,7,21,23,30,32,9.0,5.0
105890,2021-10-06,Wednesday,5,11,12,18,19,28,5.0,12.0
105889,2021-10-09,Saturday,2,12,14,16,18,36,2.0,9.0
105888,2021-10-13,Wednesday,15,16,26,27,33,37,10.0,13.0
105887,2021-10-16,Saturday,3,10,13,28,35,36,3.0,4.0
105886,2021-10-20,Wednesday,11,14,15,17,18,19,4.0,10.0
105885,2021-10-23,Saturday,16,24,26,34,36,38,7.0,12.0
105884,2021-10-27,Wednesday,15,20,27,31,32,37,9.0,3.0
105883,2021-10-30,Saturday,3,4,19,27,36,37,1.0,6.0
105882,2021-11-03,Wednesday,4,10,27,31,34,36,2.0,5.0
105881,2021-11-06,Saturday,2,6,7,18,19,21,6.0,13.0
105880,2021-11-10,Wednesday,7,8,12,15,22,23,8.0,15.0
105879,2021-11-13,Saturday,1,4,5,19,35,38,3.0,8.0
105878,2021-11-17,Wednesday,5,8,23,24,28,38,1.0,5.0
105877,2021-11-20,Saturday,2,15,21,28,29,30,1.0,10.0
105876,2021-11-24,Wednesday,6,8,17,27,31,36,9.0,10.0
105875,2021-11-27,Saturday,4,7,15,25,28,31,4.0,10.0
105874,2021-12-01,Wednesday,3,4,11,23,32,33,7.0,6.0
105873,2021-12-04,Saturday,3,13,15,19,21,27,8.0,12.0
105872,2021-12-08,Wednesday,5,6,17,24,30,36,2.0,6.0
105871,2021-12-11,Saturday,5,9,18,22,29,34,7.0,3.0
105870,2021-12-15,Wednesday,2,4,11,12,21,28,10.0,14.0
105869,2021-12-18,Saturday,7,18,19,21,23,36,6.0,14.0
105868,2021-12-22,Wednesday,1,3,7,13,17,36,6.0,12.0
105867,2021-12-29,Wednesday,6,11,21,23,28,30,3.0,8.0
105866,2022-01-05,Wednesday,1,11,25,30,31,36,2.0,1.0
105865,2022-01-08,Saturday,4,8,14,21,22,33,2.0,15.0
105864,2022-01-12,Wednesday,6,11,13,21,32,33,9.0,2.0
105863,2022-01-15,Saturday,1,3,11,12,21,37,9.0,5.0
105862,2022-01-19,Wednesday,22,23,26,29,35,37,6.0,10.0
105861,2022-01-22,Saturday,4,13,16,17,22,23,5.0,15.0
105860,2022-01-26,Wednesday,8,10,17,22,25,34,3.0,6.0
105859,2022-01-29,Saturday,4,12,14,15,23,34,7.0,7.0
105858,2022-02-02,Wednesday,5,11,12,17,24,32,5.0,7.0
105857,2022-02-05,Saturday,3,18,24,27,34,36,6.0,5.0
105856,2022-02-09,Wednesday,2,4,8,9,16,17,10.0,15.0
105855,2022-02-12,Saturday,10,17,26,28,34,37,6.0,5.0
105854,2022-02-16,Wednesday,11,16,30,33,34,35,5.0,14.0
105853,2022-02-19,Saturday,8,9,14,19,25,26,9.0,1.0
105852,2022-02-23,Wednesday,18,19,21,22,29,33,5.0,11.0
105851,2022-02-26,Saturday,3,6,16,27,31,34,7.0,3.0
105850,2022-03-02,Wednesday,7,8,11,15,24,35,8.0,7.0
105849,2022-03-05,Saturday,7,11,13,14,21,26,8.0,1.0
105848,2022-03-09,Wednesday,4,6,12,29,32,33,6.0,11.0
105847,2022-03-12,Saturday,24,29,32,33,36,37,4.0,5.0
105846,2022-03-16,Wednesday,1,4,17,22,26,34,10.0,6.0
105845,2022-03-19,Saturday,5,10,17,30,32,34,1.0,5.0
105844,2022-03-23,Wednesday,4,7,8,25,28,32,9.0,11.0
105843,2022-03-26,Saturday,5,15,16,19,20,35,1.0,1.0
105842,2022-03-30,Wednesday,4,8,11,12,20,36,10.0,5.0
105841,2022-04-02,Saturday,8,10,27,29,30,31,3.0,7.0
105840,2022-04-06,Wednesday,6,22,23,27,29,30,8.0,14.0
105839,2022-04-09,Saturday,15,23,29,30,32,37,2.0,5.0
105838,2022-04-13,Wednesday,10,14,26,29,33,36,9.0,9.0
105837,2022-04-16,Saturday,5,8,16,22,26,32,5.0,12.0
105836,2022-04-20,Wednesday,9,18,26,32,37,38,2.0,5.0
105835,2022-04-23,Saturday,5,13,21,24,29,34,6.0,7.0
105834,2022-04-27,Wednesday,14,22,27,28,29,35,8.0,10.0
105833,2022-04-30,Saturday,1,8,16,17,35,37,1.0,9.0
105832,2022-05-04,Wednesday,3,7,17,18,21,31,12.0,12.0
105831,2022-05-07,Saturday,1,8,27,30,34,38,8.0,9.0
105830,2022-05-11,Wednesday,5,11,13,20,23,25,6.0,8.0
105829,2022-05-14,Saturday,5,8,23,27,33,35,7.0,10.0
105828,2022-05-18,Wednesday,10,23,28,29,32,34,3.0,1.0
105827,2022-05-21,Saturday,4,8,14,16,27,29,8.0,14.0
105826,2022-05-25,Wednesday,9,10,12,16,30,37,7.0,3.0
105825,2022-05-28,Saturday,9,11,15,23,29,30,7.0,7.0
105824,2022-06-01,Wednesday,3,17,21,28,32,34,12.0,8.0
105823,2022-06-04,Saturday,10,13,21,24,28,37,4.0,6.0
105822,2022-06-08,Wednesday,1,4,14,18,34,36,6.0,9.0
105821,2022-06-11,Saturday,1,7,10,28,31,34,10.0,9.0
105820,2022-06-15,Wednesday,10,11,14,26,27,32,4.0,8.0
105819,2022-06-18,Saturday,3,12,13,17,21,25,3.0,9.0
105818,2022-06-22,Wednesday,11,13,21,33,34,36,2.0,11.0
105817,2022-06-25,Saturday,1,13,16,28,29,34,10.0,3.0
105816,2022-06-29,Wednesday,7,9,16,25,32,35,5.0,15.0
105815,2022-07-02,Saturday,5,12,14,23,26,34,6.0,7.0
105814,2022-07-06,Wednesday,2,8,10,17,21,33,9.0,10.0
105813,2022-07-09,Saturday,5,7,10,11,15,17,9.0,6.0
105812,2022-07-13,Wednesday,8,15,20,28,32,33,1.0,2.0
105811,2022-07-16,Saturday,9,11,17,18,24,36,9.0,14.0
105810,2022-07-20,Wednesday,9,10,20,24,26,35,11.0,3.0
105809,2022-07-23,Saturday,9,13,16,22,24,38,6.0,15.0
105808,2022-07-27,Wednesday,4,5,12,20,21,37,8.0,1.0
105807,2022-07-30,Saturday,9,13,14,15,29,36,5.0,7.0
105806,2022-08-03,Wednesday,14,20,27,33,34,36,6.0,1.0
105805,2022-08-06,Saturday,1,4,6,7,24,29,1.0,4.0
105804,2022-08-10,Wednesday,4,6,7,14,25,28,6.0,10.0
105803,2022-08-13,Saturday,1,2,8,9,11,28,11.0,8.0
105802,2022-08-17,Wednesday,6,11,12,24,31,34,11.0,9.0
105801,2022-08-20,Saturday,2,11,15,18,25,28,7.0,15.0
105800,2022-08-24,Wednesday,5,16,22,28,36,38,2.0,4.0
105799,2022-08-27,Saturday,3,4,7,19,24,38,1.0,10.0
105798,2022-08-31,Wednesday,7,8,9,16,18,34,2.0,12.0
105797,2022-09-03,Saturday,2,5,7,16,21,36,5.0,10.0
105796,2022-09-07,Wednesday,13,14,17,27,29,37,1.0,12.0
105795,2022-09-10,Saturday,1,11,12,16,21,29,5.0,4.0
105794,2022-09-14,Wednesday,8,10,13,27,28,35,4.0,7.0
105793,2022-09-17,Saturday,5,6,8,13,19,29,7.0,8.0
105792,2022-09-21,Wednesday,2,15,19,25,27,37,10.0,5.0
105791,2022-09-24,Saturday,7,10,15,18,23,24,11.0,5.0
105790,2022-09-28,Wednesday,1,8,17,19,25,32,5.0,10.0
105789,2022-10-01,Saturday,9,14,16,19,23,25,4.0,8.0
105788,2022-10-05,Wednesday,10,14,15,18,19,22,8.0,3.0
105787,2022-10-08,Saturday,3,11,20,26,31,34,9.0,3.0
105786,2022-10-12,Wednesday,1,11,17,23,27,31,3.0,13.0
105785,2022-10-15,Saturday,7,14,16,23,35,37,6.0,7.0
105784,2022-10-19,Wednesday,13,16,19,21,33,38,3.0,10.0
105783,2022-10-22,Saturday,1,2,5,12,19,21,5.0,2.0
105782,2022-10-26,Wednesday,3,6,21,28,31,33,5.0,10.0
105781,2022-10-29,Saturday,2,20,23,24,26,36,9.0,10.0
105780,2022-11-02,Wednesday,8,9,24,26,29,37,8.0,8.0
105779,2022-11-05,Saturday,2,17,27,33,34,35,4.0,8.0
105778,2022-11-09,Wednesday,3,5,6,15,25,26,4.0,5.0
105777,2022-11-12,Saturday,3,21,22,26,28,36,10.0,9.0
105776,2022-11-16,Wednesday,2,9,10,18,25,35,1.0,6.0
105775,2022-11-19,Saturday,2,4,8,20,36,38,11.0,7.0
105774,2022-11-23,Wednesday,2,9,20,26,36,38,11.0,14.0
105773,2022-11-26,Saturday,3,5,21,28,29,37,7.0,5.0
105772,2022-11-30,Wednesday,18,19,21,30,33,38,11.0,3.0
105771,2022-12-03,Saturday,5,8,21,22,28,32,9.0,5.0
105770,2022-12-07,Wednesday,4,10,15,23,27,37,5.0,1.0
105769,2022-12-10,Saturday,26,27,29,30,35,37,5.0,7.0
105768,2022-12-14,Wednesday,5,6,20,22,24,26,2.0,2.0
105767,2022-12-17,Saturday,11,15,17,23,24,27,4.0,1.0
105766,2022-12-21,Wednesday,2,16,17,19,20,21,8.0,4.0
105765,2022-12-28,Wednesday,4,9,12,17,24,26,2.0,4.0
105763,2023-01-04,Wednesday,3,6,19,23,28,36,12.0,8.0
105762,2023-01-07,Saturday,6,12,16,20,23,33,9.0,2.0
105761,2023-01-11,Wednesday,9,17,30,31,35,37,11.0,7.0
105760,2023-01-14,Saturday,2,14,15,31,32,33,4.0,13.0
105759,2023-01-18,Wednesday,1,2,13,25,28,31,10.0,8.0
105758,2023-01-21,Saturday,4,9,32,33,34,37,2.0,11.0
105757,2023-01-25,Wednesday,1,10,11,12,25,38,12.0,9.0
105756,2023-01-28,Saturday,19,21,22,33,35,37,8.0,15.0
105755,2023-02-01,Wednesday,5,20,24,26,27,38,9.0,8.0
105754,2023-02-04,Saturday,8,12,15,20,24,27,11.0,14.0
105753,2023-02-08,Wednesday,2,4,5,8,23,32,8.0,6.0
105752,2023-02-11,Saturday,6,12,14,28,31,37,9.0,2.0
105751,2023-02-15,Wednesday,2,5,7,17,26,29,8.0,10.0
105750,2023-02-18,Saturday,9,10,12,22,25,33,10.0,7.0
105749,2023-02-22,Wednesday,6,8,10,20,23,29,3.0,6.0
105748,2023-02-25,Saturday,1,9,19,20,31,35,3.0,10.0
105747,2023-03-01,Wednesday,6,11,26,28,33,38,6.0,15.0
105746,2023-03-04,Saturday,3,15,18,20,24,30,4.0,10.0
105744,2023-03-08,Wednesday,6,10,13,28,31,33,8.0,5.0
105743,2023-03-11,Saturday,2,4,11,19,33,37,11.0,2.0
105742,2023-03-15,Wednesday,3,26,32,35,36,37,8.0,7.0
105741,2023-03-18,Saturday,6,10,19,24,28,34,2.0,1.0
105740,2023-03-22,Wednesday,10,18,26,28,29,36,8.0,5.0
105739,2023-03-25,Saturday,2,4,9,19,22,32,11.0,11.0
105738,2023-03-29,Wednesday,11,15,17,22,24,28,6.0,8.0
105737,2023-04-01,Saturday,10,15,20,26,35,37,6.0,10.0
105736,2023-04-05,Wednesday,3,4,7,10,12,20,2.0,4.0
105735,2023-04-08,Saturday,7,20,23,27,33,34,4.0,13.0
105734,2023-04-12,Wednesday,1,10,17,18,22,36,10.0,5.0
105733,2023-04-15,Saturday,1,21,24,29,33,37,2.0,2.0
105732,2023-04-19,Wednesday,6,8,19,21,31,34,7.0,6.0
105731,2023-04-22,Saturday,11,19,24,25,26,28,9.0,11.0
105730,2023-04-26,Wednesday,3,5,12,32,34,38,5.0,3.0
105729,2023-04-29,Saturday,1,2,12,16,25,30,9.0,5.0
105728,2023-05-03,Wednesday,3,4,23,25,32,37,2.0,7.0
105727,2023-05-06,Saturday,1,10,13,14,15,17,12.0,1.0
105726,2023-05-10,Wednesday,6,17,19,28,30,38,9.0,11.0
105725,2023-05-13,Saturday,4,9,30,34,36,37,5.0,9.0
105724,2023-05-17,Wednesday,5,10,16,23,29,34,2.0,4.0
105723,2023-05-20,Saturday,2,7,15,26,28,34,7.0,3.0
105722,2023-05-24,Wednesday,4,12,14,34,35,37,11.0,10.0
105721,2023-05-27,Saturday,3,12,17,24,28,37,9.0,1.0
105720,2023-05-31,Wednesday,2,12,15,19,26,33,3.0,7.0
105719,2023-06-03,Saturday,7,9,22,29,31,38,12.0,14.0
105718,2023-06-07,Wednesday,3,4,14,20,36,38,8.0,2.0
105717,2023-06-10,Saturday,3,20,22,30,32,34,5.0,8.0
105716,2023-06-14,Wednesday,10,13,20,23,30,37,6.0,12.0
105715,2023-06-17,Saturday,7,17,18,20,21,33,3.0,8.0
105714,2023-06-21,Wednesday,3,13,21,24,30,32,4.0,14.0
105713,2023-06-24,Saturday,3,6,10,13,17,37,9.0,10.0
105712,2023-06-28,Wednesday,6,18,28,31,33,35,2.0,5.0
105711,2023-07-01,Saturday,4,13,14,25,32,33,4.0,12.0
105710,2023-07-05,Wednesday,1,11,13,20,27,28,12.0,7.0
105709,2023-07-08,Saturday,8,12,20,22,23,28,8.0,15.0
105708,2023-07-12,Wednesday,3,7,8,10,19,33,9.0,3.0
185146,2023-07-15,Saturday,11,18,25,27,28,34,4.0,13.0
105706,2023-07-19,Wednesday,1,2,3,4,5,9,10.0,14.0
105705,2023-07-22,Saturday,15,20,26,27,30,31,5.0,15.0
105704,2023-07-26,Wednesday,6,24,30,31,34,35,3.0,8.0
105703,2023-07-29,Saturday,5,6,11,13,28,31,5.0,13.0
105702,2023-08-02,Wednesday,2,14,25,26,33,38,8.0,6.0
105701,2023-08-05,Saturday,2,5,11,22,32,33,10.0,8.0
105700,2023-08-09,Wednesday,22,27,28,29,34,36,4.0,5.0
105699,2023-08-12,Saturday,1,9,13,26,35,37,7.0,9.0
105698,2023-08-16,Wednesday,3,10,11,18,22,28,2.0,4.0
105697,2023-08-23,Wednesday,16,18,20,26,28,38,11.0,10.0
143799,2023-08-26,Saturday,1,9,12,20,24,25,,
143862,2023-08-30,Wednesday,12,24,28,30,31,36,,
143909,2023-09-02,Saturday,2,4,9,24,30,37,,
150602,2023-09-06,Wednesday,1,18,19,23,29,37,,
150656,2023-09-09,Saturday,1,2,7,27,34,37,,
150723,2023-09-13,Wednesday,2,7,9,21,24,28,,
150779,2023-09-16,Saturday,1,9,18,28,36,38,,
150849,2023-09-20,Wednesday,8,10,18,20,22,31,3.0,8.0
150902,2023-09-23,Saturday,3,10,14,19,24,30,9.0,2.0
150969,2023-09-27,Wednesday,9,14,16,18,22,33,1.0,7.0
151021,2023-09-30,Saturday,1,12,15,19,21,23,1.0,12.0
161694,2023-10-04,Wednesday,4,6,17,20,22,38,3.0,15.0
161780,2023-10-07,Saturday,5,18,26,29,30,31,7.0,11.0
165841,2023-10-11,Wednesday,4,6,8,11,14,30,2.0,8.0
167921,2023-10-14,Saturday,3,6,7,13,20,23,8.0,14.0
168025,2023-10-18,Wednesday,4,8,26,29,31,35,4.0,1.0
168109,2023-10-21,Saturday,14,18,25,29,33,35,11.0,12.0
168214,2023-10-25,Wednesday,1,8,9,13,16,37,3.0,15.0
168293,2023-10-28,Saturday,14,20,27,31,34,37,11.0,4.0
168427,2023-11-01,Wednesday,1,2,5,21,26,29,11.0,3.0
168476,2023-11-04,Saturday,5,12,15,23,25,33,1.0,12.0
168586,2023-11-08,Wednesday,3,4,8,15,20,29,5.0,12.0
168662,2023-11-11,Saturday,2,5,17,23,30,37,7.0,3.0
168765,2023-11-15,Wednesday,7,8,17,19,21,36,6.0,4.0
168919,2023-11-22,Wednesday,7,12,14,15,20,22,5.0,1.0
168995,2023-11-25,Saturday,2,7,10,24,34,36,7.0,8.0
169096,2023-11-29,Wednesday,1,9,13,17,20,38,4.0,9.0
169171,2023-12-02,Saturday,6,12,17,26,29,32,6.0,14.0
169276,2023-12-06,Wednesday,14,18,22,26,30,32,4.0,12.0
169355,2023-12-09,Saturday,5,23,29,32,33,37,10.0,5.0
169459,2023-12-13,Wednesday,19,24,25,32,34,37,10.0,13.0
169538,2023-12-16,Saturday,13,16,17,19,31,36,6.0,3.0
169702,2023-12-20,Wednesday,5,17,23,24,26,34,3.0,3.0
169715,2023-12-23,Saturday,4,9,10,14,19,20,7.0,5.0
169797,2023-12-27,Wednesday,2,4,12,35,37,38,7.0,5.0
169877,2023-12-30,Saturday,10,13,14,18,25,36,10.0,3.0
169962,2024-01-03,Wednesday,11,24,27,31,33,38,11.0,13.0
172092,2024-01-06,Saturday,1,2,12,15,29,38,10.0,1.0
172198,2024-01-10,Wednesday,8,14,15,20,32,33,8.0,11.0
172282,2024-01-13,Saturday,18,22,24,26,28,33,8.0,5.0
173691,2024-01-17,Wednesday,13,16,27,29,32,34,7.0,8.0
173779,2024-01-20,Saturday,7,15,17,26,28,35,2.0,4.0
173884,2024-01-24,Wednesday,1,6,19,22,26,31,9.0,11.0
173968,2024-01-27,Saturday,9,11,12,20,29,33,7.0,15.0
174084,2024-01-31,Wednesday,20,22,24,30,33,38,2.0,5.0
174174,2024-02-03,Saturday,1,7,9,23,28,37,2.0,7.0
174288,2024-02-07,Wednesday,7,11,24,25,28,38,11.0,6.0
174373,2024-02-10,Saturday,5,12,14,17,30,40,7.0,7.0
174484,2024-02-14,Wednesday,9,11,15,22,27,39,8.0,5.0
174569,2024-02-17,Saturday,3,14,15,17,18,37,11.0,5.0
174661,2024-02-21,Wednesday,7,13,20,28,30,33,4.0,2.0
174749,2024-02-24,Saturday,2,10,15,18,31,39,10.0,2.0
174859,2024-02-28,Wednesday,7,8,15,17,25,30,5.0,11.0
174943,2024-03-02,Saturday,6,9,14,17,36,37,10.0,1.0
175053,2024-03-06,Wednesday,22,24,29,33,36,38,12.0,5.0
175136,2024-03-09,Saturday,5,7,18,33,38,40,12.0,1.0
175247,2024-03-13,Wednesday,8,14,22,26,35,40,3.0,1.0
175330,2024-03-16,Saturday,10,11,12,15,32,37,7.0,8.0
175441,2024-03-20,Wednesday,4,15,17,19,25,33,5.0,7.0
175522,2024-03-23,Saturday,7,10,13,18,20,39,3.0,15.0
175632,2024-03-27,Wednesday,6,17,24,32,34,40,5.0,1.0
175680,2024-03-30,Saturday,11,19,31,37,38,40,7.0,15.0
175789,2024-04-03,Wednesday,1,6,7,15,25,28,1.0,9.0
175871,2024-04-06,Saturday,3,9,14,23,25,27,4.0,6.0
175980,2024-04-10,Wednesday,2,8,11,19,23,29,8.0,13.0
176124,2024-04-13,Saturday,3,7,9,12,15,28,3.0,13.0
176221,2024-04-17,Wednesday,1,15,17,23,34,39,2.0,2.0
176305,2024-04-20,Saturday,2,6,7,15,21,29,9.0,9.0
176425,2024-04-24,Wednesday,6,8,9,17,30,38,4.0,9.0
176511,2024-04-27,Saturday,2,8,11,13,20,24,5.0,3.0
176631,2024-05-01,Wednesday,12,18,19,20,37,40,12.0,2.0
176725,2024-05-04,Saturday,5,12,22,23,27,31,1.0,3.0
176837,2024-05-08,Wednesday,11,12,28,29,35,40,11.0,9.0
176923,2024-05-11,Saturday,2,3,27,29,33,37,11.0,12.0
177036,2024-05-15,Wednesday,1,2,18,20,21,28,1.0,13.0
177124,2024-05-18,Saturday,5,9,13,15,18,22,4.0,2.0
177224,2024-05-22,Wednesday,1,4,9,21,25,26,1.0,1.0
177315,2024-05-25,Saturday,5,10,12,15,29,38,1.0,9.0
177421,2024-05-29,Wednesday,3,18,21,22,28,40,5.0,13.0
177513,2024-06-01,Saturday,5,7,17,27,29,40,3.0,1.0
177626,2024-06-05,Wednesday,8,19,20,27,29,36,8.0,4.0
177713,2024-06-08,Saturday,5,6,7,8,30,33,2.0,9.0
177826,2024-06-12,Wednesday,1,6,11,22,32,39,7.0,12.0
177916,2024-06-15,Saturday,3,6,12,14,18,27,5.0,5.0
178032,2024-06-19,Wednesday,2,14,22,33,35,39,1.0,15.0
178119,2024-06-22,Saturday,6,16,25,26,27,33,6.0,10.0
178229,2024-06-26,Wednesday,2,3,4,12,23,30,8.0,7.0
178322,2024-06-29,Saturday,6,8,13,25,35,39,5.0,6.0
178420,2024-07-03,Wednesday,1,3,11,20,28,31,10.0,5.0
178493,2024-07-06,Saturday,12,17,19,23,34,35,8.0,5.0
178607,2024-07-10,Wednesday,3,5,7,21,29,30,4.0,13.0
178697,2024-07-13,Saturday,13,16,29,31,32,33,6.0,6.0
178809,2024-07-17,Wednesday,6,9,10,11,32,39,4.0,5.0
178896,2024-07-20,Saturday,7,14,19,23,36,37,7.0,10.0
179010,2024-07-24,Wednesday,10,15,18,24,31,34,2.0,14.0
179101,2024-07-27,Saturday,1,7,13,15,21,29,5.0,4.0
179213,2024-07-31,Wednesday,1,8,12,19,20,22,10.0,3.0
179302,2024-08-03,Saturday,6,14,20,24,25,34,4.0,2.0
179418,2024-08-07,Wednesday,1,4,15,18,24,37,11.0,6.0
179507,2024-08-10,Saturday,7,10,18,19,20,28,11.0,12.0
179613,2024-08-14,Wednesday,6,23,24,25,30,38,4.0,4.0
179699,2024-08-17,Saturday,7,14,15,19,27,35,7.0,10.0
179806,2024-08-21,Wednesday,6,7,25,31,32,33,12.0,5.0
179890,2024-08-24,Saturday,3,9,11,18,34,35,12.0,5.0
180006,2024-08-28,Wednesday,7,13,25,26,31,40,1.0,13.0
180098,2024-08-31,Saturday,4,20,22,23,36,37,9.0,8.0
180210,2024-09-04,Wednesday,4,10,13,21,25,33,11.0,8.0
180296,2024-09-07,Saturday,2,3,7,8,9,34,12.0,6.0
180411,2024-09-11,Wednesday,13,20,25,33,36,39,10.0,11.0
180503,2024-09-14,Saturday,9,10,14,21,22,30,1.0,4.0
180613,2024-09-18,Wednesday,1,2,5,14,25,37,6.0,1.0
180694,2024-09-21,Saturday,1,3,11,12,28,30,10.0,15.0
180800,2024-09-25,Wednesday,1,5,17,24,31,33,1.0,4.0
180890,2024-09-28,Saturday,4,21,25,27,36,39,12.0,12.0
181000,2024-10-02,Wednesday,7,9,19,20,31,35,10.0,12.0
181088,2024-10-05,Saturday,2,13,14,27,32,33,6.0,2.0
181199,2024-10-09,Wednesday,3,11,16,19,35,36,8.0,14.0
181289,2024-10-12,Saturday,9,15,20,22,37,39,2.0,1.0
181396,2024-10-16,Wednesday,8,23,25,29,32,38,8.0,6.0
181484,2024-10-19,Saturday,5,20,23,24,33,38,10.0,14.0
181598,2024-10-23,Wednesday,10,11,20,22,31,36,5.0,7.0
181690,2024-10-26,Saturday,1,7,20,23,26,40,5.0,14.0
181802,2024-10-30,Wednesday,3,6,13,19,23,34,6.0,5.0
181885,2024-11-02,Saturday,5,10,23,25,33,38,5.0,6.0
182001,2024-11-06,Wednesday,13,22,24,33,36,38,8.0,5.0
182096,2024-11-09,Saturday,3,19,20,25,28,37,2.0,4.0
182203,2024-11-13,Wednesday,12,23,31,35,37,39,8.0,15.0
182285,2024-11-16,Saturday,3,23,32,33,35,39,10.0,12.0
182406,2024-11-20,Wednesday,22,24,25,29,32,37,8.0,12.0
182491,2024-11-23,Saturday,3,9,13,21,22,23,10.0,15.0
182603,2024-11-27,Wednesday,13,23,24,32,33,34,5.0,15.0
182700,2024-11-30,Saturday,16,17,24,31,35,38,3.0,15.0
182807,2024-12-04,Wednesday,1,8,10,27,35,39,6.0,3.0
182900,2024-12-07,Saturday,2,6,8,13,24,37,2.0,2.0
183013,2024-12-11,Wednesday,7,17,18,22,24,33,9.0,4.0
183100,2024-12-14,Saturday,19,20,22,26,27,32,6.0,5.0
183472,2024-12-18,Wednesday,8,11,19,25,26,38,7.0,14.0
183653,2024-12-21,Saturday,7,14,16,17,32,36,5.0,3.0
183827,2024-12-28,Saturday,3,4,10,11,22,37,2.0,14.0
184010,2025-01-04,Saturday,1,8,10,16,22,37,12.0,8.0
184122,2025-01-08,Wednesday,3,9,15,17,36,38,6.0,6.0
184209,2025-01-11,Saturday,3,27,31,34,35,40,2.0,11.0
184329,2025-01-15,Wednesday,6,7,12,13,32,36,7.0,6.0
184413,2025-01-18,Saturday,10,12,15,16,26,31,3.0,10.0
184524,2025-01-22,Wednesday,6,10,16,27,30,35,4.0,12.0
184608,2025-01-25,Saturday,3,23,32,38,39,40,6.0,13.0
184723,2025-01-29,Wednesday,1,3,6,8,22,36,8.0,15.0
184814,2025-02-01,Saturday,2,10,14,20,32,39,1.0,5.0
184930,2025-02-05,Wednesday,3,5,14,23,25,36,5.0,13.0
185024,2025-02-08,Saturday,1,3,4,5,9,29,1.0,2.0
185133,2025-02-12,Wednesday,2,3,4,20,22,25,9.0,13.0
185229,2025-02-15,Saturday,6,7,16,17,34,36,4.0,14.0
185339,2025-02-19,Wednesday,7,12,22,30,32,34,8.0,4.0
185425,2025-02-22,Saturday,5,8,16,25,30,37,11.0,8.0
185546,2025-02-26,Wednesday,1,3,5,22,30,35,7.0,2.0
185641,2025-03-01,Saturday,9,15,17,20,24,29,7.0,6.0
185751,2025-03-05,Wednesday,2,13,16,17,18,19,1.0,6.0
185842,2025-03-08,Saturday,18,19,23,26,28,40,11.0,11.0
185957,2025-03-12,Wednesday,1,2,5,21,28,38,8.0,10.0
186049,2025-03-15,Saturday,13,15,25,28,35,39,4.0,12.0
186160,2025-03-19,Wednesday,1,2,16,20,26,35,5.0,1.0
186250,2025-03-22,Saturday,2,21,24,28,35,40,10.0,3.0
186360,2025-03-26,Wednesday,2,10,13,15,24,36,10.0,10.0
186450,2025-03-29,Saturday,10,17,19,22,36,39,6.0,14.0
186559,2025-04-02,Wednesday,13,16,18,23,29,38,5.0,2.0
186642,2025-04-05,Saturday,2,6,12,13,30,39,2.0,7.0
186758,2025-04-09,Wednesday,4,11,12,17,27,38,2.0,5.0
186840,2025-04-12,Saturday,1,9,20,23,26,38,2.0,6.0
186960,2025-04-16,Wednesday,11,16,17,18,20,31,9.0,9.0
187017,2025-04-19,Saturday,5,12,13,15,21,30,7.0,1.0
187139,2025-04-23,Wednesday,3,6,9,11,32,34,5.0,13.0
187231,2025-04-26,Saturday,2,4,5,8,27,30,11.0,1.0
187347,2025-04-30,Wednesday,10,14,18,28,37,38,10.0,2.0
187430,2025-05-03,Saturday,1,21,22,26,27,36,6.0,3.0
187545,2025-05-07,Wednesday,5,18,19,22,27,32,3.0,15.0
187630,2025-05-09,Friday,6,7,10,11,19,38,9.0,4.0
187755,2025-05-14,Wednesday,3,5,20,22,24,40,7.0,8.0
187842,2025-05-17,Saturday,5,8,13,16,29,40,3.0,5.0
187956,2025-05-21,Wednesday,1,7,9,13,30,33,5.0,3.0
188046,2025-05-24,Saturday,8,11,17,21,31,32,10.0,1.0
188162,2025-05-28,Wednesday,1,6,8,23,26,32,11.0,15.0
188246,2025-05-31,Saturday,11,16,19,20,24,26,11.0,6.0
188367,2025-06-04,Wednesday,6,9,13,20,24,40,12.0,1.0
188458,2025-06-07,Saturday,6,16,27,28,30,36,3.0,4.0
195543,2025-06-11,Wednesday,12,16,21,22,31,37,9.0,8.0
195644,2025-06-14,Saturday,3,4,14,19,22,32,1.0,8.0
195765,2025-06-18,Wednesday,16,30,31,32,35,36,11.0,5.0
195857,2025-06-21,Saturday,4,6,7,16,30,34,5.0,15.0
195988,2025-06-25,Wednesday,12,14,15,27,30,36,10.0,5.0
196078,2025-06-28,Saturday,4,12,16,21,30,31,2.0,11.0
196200,2025-07-02,Wednesday,3,7,16,18,19,31,9.0,1.0
196294,2025-07-05,Saturday,10,15,21,23,30,35,5.0,6.0
196423,2025-07-09,Wednesday,1,2,11,12,30,36,8.0,14.0
196521,2025-07-12,Saturday,7,16,25,27,35,40,7.0,1.0
196649,2025-07-16,Wednesday,2,6,15,26,34,35,12.0,5.0
196746,2025-07-19,Saturday,4,14,22,25,30,39,8.0,11.0
196907,2025-07-23,Wednesday,14,20,32,33,35,38,1.0,4.0
197000,2025-07-26,Saturday,1,4,19,26,31,35,1.0,13.0
197122,2025-07-30,Wednesday,3,16,22,23,25,31,4.0,14.0
197206,2025-08-02,Saturday,7,10,15,21,22,29,4.0,3.0
197335,2025-08-06,Wednesday,14,17,18,20,38,40,7.0,8.0
197421,2025-08-09,Saturday,4,5,9,33,38,40,4.0,1.0
197546,2025-08-13,Wednesday,7,11,22,26,29,40,6.0,1.0
197635,2025-08-16,Saturday,2,8,18,19,24,34,5.0,13.0
197767,2025-08-20,Wednesday,2,17,18,24,26,38,1.0,10.0
198019,2025-08-23,Saturday,5,21,30,35,37,39,8.0,11.0
198155,2025-08-27,Wednesday,3,6,24,28,38,39,4.0,3.0
198440,2025-08-30,Saturday,3,6,9,23,32,40,3.0,4.0
199205,2025-09-03,Wednesday,3,8,14,17,32,35,10.0,12.0
199773,2025-09-06,Saturday,14,19,28,30,31,40,7.0,9.0
200547,2025-09-10,Wednesday,2,8,9,19,21,27,10.0,9.0
202141,2025-09-13,Saturday,6,14,20,21,33,35,1.0,7.0
202551,2025-09-17,Wednesday,1,23,26,29,35,36,3.0,11.0
203182,2025-09-20,Saturday,3,10,11,12,13,25,4.0,12.0
203758,2025-09-24,Wednesday,3,9,25,30,31,38,5.0,6.0
203942,2025-09-27,Saturday,2,9,10,14,27,32,10.0,4.0
204171,2025-10-01,Wednesday,3,13,16,27,34,38,1.0,15.0
204708,2025-10-04,Saturday,2,12,18,22,36,40,12.0,3.0
205020,2025-10-08,Wednesday,12,19,24,28,34,36,4.0,10.0
205338,2025-10-11,Saturday,2,4,9,27,35,40,6.0,8.0
205746,2025-10-15,Wednesday,6,14,24,31,35,36,9.0,2.0
206063,2025-10-18,Saturday,7,14,17,18,23,36,4.0,1.0
206936,2025-10-29,Wednesday,2,3,11,25,29,32,8.0,7.0
207354,2025-11-01,Saturday,5,6,9,13,16,39,1.0,5.0
208040,2025-11-05,Wednesday,19,23,27,31,36,38,12.0,3.0
208287,2025-11-08,Saturday,2,3,8,13,22,27,1.0,1.0
208409,2025-11-12,Wednesday,1,2,6,11,15,31,1.0,3.0
208537,2025-11-15,Saturday,12,14,20,22,28,31,2.0,8.0
208652,2025-11-19,Wednesday,13,18,19,23,31,37,6.0,12.0
208745,2025-11-22,Saturday,7,10,12,18,21,26,2.0,4.0
208867,2025-11-26,Wednesday,1,5,10,11,28,35,9.0,12.0
208953,2025-11-29,Saturday,3,4,21,25,26,27,5.0,1.0
209075,2025-12-03,Wednesday,5,8,19,21,23,32,6.0,12.0
209164,2025-12-06,Saturday,3,7,17,33,37,39,4.0,4.0
209280,2025-12-10,Wednesday,4,12,13,23,24,38,8.0,1.0
209368,2025-12-13,Saturday,9,10,23,24,31,33,4.0,15.0
209492,2025-12-17,Wednesday,1,2,15,29,34,40,12.0,12.0
209580,2025-12-20,Saturday,9,20,28,31,35,40,7.0,6.0
209762,2025-12-27,Saturday,2,10,13,15,22,30,11.0,5.0
209950,2026-01-03,Saturday,22,24,28,35,39,40,5.0,2.0
210062,2026-01-07,Wednesday,7,12,13,19,28,29,10.0,13.0
210155,2026-01-10,Saturday,2,3,14,17,24,35,12.0,5.0
210311,2026-01-14,Wednesday,4,11,19,22,31,39,12.0,8.0
210369,2026-01-17,Saturday,4,13,15,23,26,29,6.0,14.0
210503,2026-01-21,Wednesday,1,3,6,9,25,37,12.0,2.0
210596,2026-01-24,Saturday,1,8,11,20,22,38,6.0,14.0
210733,2026-01-28,Wednesday,1,7,8,15,35,40,7.0,5.0
210822,2026-01-31,Saturday,4,9,10,18,32,38,12.0,1.0
210946,2026-02-04,Wednesday,2,3,4,6,20,37,5.0,1.0
218814,2026-02-07,Saturday,14,22,27,38,39,40,11.0,10.0
218998,2026-02-11,Wednesday,4,7,8,16,21,30,10.0,4.0
219139,2026-02-14,Saturday,10,20,25,29,32,37,6.0,3.0
219320,2026-02-18,Wednesday,10,14,26,29,32,36,11.0,12.0
219457,2026-02-21,Saturday,8,10,14,17,25,36,10.0,8.0
219632,2026-02-25,Wednesday,1,7,10,15,33,35,8.0,12.0
219761,2026-02-28,Saturday,17,20,28,30,36,39,8.0,8.0
219941,2026-03-04,Wednesday,3,4,19,21,22,29,7.0,10.0
220074,2026-03-07,Saturday,7,10,12,34,38,39,3.0,13.0
220255,2026-03-11,Wednesday,1,4,13,26,37,40,12.0,1.0
220387,2026-03-14,Saturday,2,7,16,24,32,39,12.0,11.0
220565,2026-03-18,Wednesday,2,12,15,21,23,28,7.0,10.0
220701,2026-03-21,Saturday,7,8,16,17,21,39,10.0,7.0
220879,2026-03-25,Wednesday,10,14,15,20,22,35,4.0,5.0
221013,2026-03-28,Saturday,9,10,19,27,30,32,12.0,2.0
221185,2026-04-01,Wednesday,11,13,15,21,30,40,1.0,1.0
221237,2026-04-04,Saturday,13,20,22,30,32,35,3.0,5.0
221409,2026-04-08,Wednesday,2,14,28,29,31,33,12.0,1.0
221539,2026-04-11,Saturday,2,5,11,31,34,39,8.0,13.0
221725,2026-04-15,Wednesday,11,15,17,23,29,35,12.0,3.0
221857,2026-04-18,Saturday,2,7,14,24,32,35,1.0,14.0
222028,2026-04-22,Wednesday,2,6,9,21,22,24,10.0,14.0
222171,2026-04-25,Saturday,1,13,14,15,25,30,11.0,10.0
222346,2026-04-29,Wednesday,2,9,12,15,26,32,1.0,1.0
222474,2026-05-02,Saturday,6,13,17,21,29,35,2.0,12.0
222648,2026-05-06,Wednesday,2,3,8,10,13,19,4.0,10.0
222785,2026-05-09,Saturday,1,4,27,28,30,36,1.0,8.0
222960,2026-05-13,Wednesday,4,10,25,26,33,34,10.0,2.0
223090,2026-05-16,Saturday,3,14,18,20,29,32,9.0,12.0
223262,2026-05-20,Wednesday,1,10,14,22,30,33,5.0,13.0
223391,2026-05-23,Saturday,2,5,10,29,30,38,2.0,8.0
223570,2026-05-27,Wednesday,2,10,15,22,34,40,9.0,3.0
223700,2026-05-30,Saturday,1,14,18,29,32,34,10.0,3.0
223890,2026-06-03,Wednesday,2,23,29,32,36,38,6.0,4.0
224032,2026-06-06,Saturday,7,14,24,25,35,36,8.0,15.0
224206,2026-06-10,Wednesday,6,12,18,22,29,39,10.0,9.0
224342,2026-06-13,Saturday,9,18,19,25,36,38,3.0,15.0
224517,2026-06-17,Wednesday,22,26,30,36,38,39,5.0,11.0
224656,2026-06-20,Saturday,1,7,17,20,23,34,5.0,14.0
224832,2026-06-24,Wednesday,3,20,28,29,30,34,10.0,5.0
224961,2026-06-27,Saturday,3,5,6,10,13,35,7.0,11.0
225143,2026-07-01,Wednesday,6,7,14,24,33,34,5.0,13.0
225458,2026-07-08,Wednesday,9,11,13,32,36,37,3.0,13.0
225587,2026-07-11,Saturday,8,20,21,25,28,39,12.0,12.0
225890,2026-07-18,Saturday,4,5,14,15,22,23,1.0,9.0
226061,2026-07-22,Wednesday,13,19,20,22,27,39,3.0,1.0
226209,2026-07-25,Saturday,3,10,12,21,26,39,10.0,15.0
226382,2026-07-29,Wednesday,2,12,16,25,33,35,3.0,15.0
226513,2026-08-01,Saturday,7,14,16,21,27,29,1.0,3.0
226684,2026-08-05,Wednesday,9,10,24,32,35,37,1.0,13.0
226832,2026-08-08,Saturday,2,9,15,26,29,31,8.0,8.0
227006,2026-08-12,Wednesday,26,32,35,37,38,39,6.0,6.0
227307,2026-08-19,Wednesday,5,10,14,19,23,30,7.0,3.0
227438,2026-08-22,Saturday,11,14,17,19,28,40,7.0,13.0
227609,2026-08-26,Wednesday,1,5,12,16,25,27,7.0,4.0
